"Circuit","Variant","Run","ProveMs","VerifyMs","PeakKb","PeakMb","ProofBytes"
"v6/1attr","baseline","1","1657","931","216052","211","323772"
"v6/1attr","baseline","2","1585","910","216148","211.1","324060"
"v6/1attr","baseline","3","1612","877","216144","211.1","324476"
"v6/1attr","baseline","4","1534","841","216216","211.1","323804"
"v6/1attr","baseline","5","1533","847","216124","211.1","324188"
"v6/1attr","baseline","6","1585","872","216140","211.1","323548"
"v6/1attr","baseline","7","1587","862","215936","210.9","324124"
"v6/1attr","baseline","8","1561","844","216048","211","323228"
"v6/1attr","baseline","9","1514","801","216168","211.1","323164"
"v6/1attr","baseline","10","1499","824","216160","211.1","323644"
"v6/1attr","patched","1","1493","774","143184","139.8","323964"
"v6/1attr","patched","2","1501","776","143188","139.8","324124"
"v6/1attr","patched","3","1466","769","143300","139.9","324124"
"v6/1attr","patched","4","1446","756","143212","139.9","323548"
"v6/1attr","patched","5","1495","778","143252","139.9","324604"
"v6/1attr","patched","6","1496","773","143244","139.9","323612"
"v6/1attr","patched","7","1500","770","143268","139.9","324092"
"v6/1attr","patched","8","1473","756","143188","139.8","323516"
"v6/1attr","patched","9","1445","788","143184","139.8","324668"
"v6/1attr","patched","10","1487","773","143344","140","323580"
"v7/1attr","baseline","1","1716","879","220436","215.3","361524"
"v7/1attr","baseline","2","1686","871","220268","215.1","360244"
"v7/1attr","baseline","3","1689","883","220340","215.2","359700"
"v7/1attr","baseline","4","1723","887","220480","215.3","359828"
"v7/1attr","baseline","5","1738","929","220340","215.2","360884"
"v7/1attr","baseline","6","1675","880","220292","215.1","360788"
"v7/1attr","baseline","7","1690","888","220412","215.2","360276"
"v7/1attr","baseline","8","1724","885","220320","215.2","360148"
"v7/1attr","baseline","9","1741","828","220188","215","360340"
"v7/1attr","baseline","10","1550","809","220192","215","360724"
"v7/1attr","patched","1","1520","787","168932","165","360212"
"v7/1attr","patched","2","1566","785","168984","165","359892"
"v7/1attr","patched","3","1557","785","169020","165.1","361140"
"v7/1attr","patched","4","1554","782","169060","165.1","360084"
"v7/1attr","patched","5","1536","788","168972","165","360180"
"v7/1attr","patched","6","1566","791","169096","165.1","361204"
"v7/1attr","patched","7","1580","788","169028","165.1","360596"
"v7/1attr","patched","8","1560","786","168956","165","359988"
"v7/1attr","patched","9","1531","778","168928","165","360372"
"v7/1attr","patched","10","1532","799","168932","165","361300"
