"Circuit","Stack","Run","ProveMs","VerifyMs","ProofBytes"
"v6/1attr","ours (Go)","1","2004","1175","324796"
"v6/1attr","ours (Go)","2","2006","1183","323740"
"v6/1attr","ours (Go)","3","2378","1247","323356"
"v6/1attr","ours (Go)","4","2023","1176","324668"
"v6/1attr","ours (Go)","5","2075","1180","324924"
"v6/1attr","ours (Go)","6","2049","1223","324444"
"v6/1attr","ours (Go)","7","2024","1166","324508"
"v6/1attr","ours (Go)","8","2023","1156","323580"
"v6/1attr","ours (Go)","9","2015","1174","323996"
"v6/1attr","ours (Go)","10","2016","1157","323708"
"v7/1attr","ours (Go)","1","2289","1263","361204"
"v7/1attr","ours (Go)","2","2288","1267","360276"
"v7/1attr","ours (Go)","3","2309","1266","360788"
"v7/1attr","ours (Go)","4","2292","1276","360852"
"v7/1attr","ours (Go)","5","2299","1278","359732"
"v7/1attr","ours (Go)","6","2286","1279","360692"
"v7/1attr","ours (Go)","7","2297","1251","360340"
"v7/1attr","ours (Go)","8","2297","1255","360148"
"v7/1attr","ours (Go)","9","2289","1278","360020"
"v7/1attr","ours (Go)","10","2281","1273","359988"
