ms,rss_kb
0,4960
10,18552
21,33044
32,46748
42,60184
52,72304
63,83900
73,91804
84,91804
94,91804
105,91804
116,94080
127,96464
137,99624
148,103728
159,103728
169,115844
180,115844
190,115844
201,115844
211,115844
222,118208
232,121972
242,122240
253,72920
263,37724
274,46588
285,50812
295,50812
306,50812
316,50812
327,50812
337,53124
348,53340
358,53372
369,53372
379,52900
389,54008
400,59816
411,65096
421,74072
432,77504
443,77504
453,77504
464,77504
474,82784
485,87008
496,87008
507,93608
518,97832
529,101360
539,102040
550,101916
560,100664
571,102700
581,101728
592,103548
602,105432
613,113408
624,111436
634,106928
645,106944
655,117028
666,119136
676,125180
687,125180
698,125260
708,125260
719,120508
730,119980
740,120508
751,117604
762,115760
773,115760
783,107792
795,123632
805,139704
817,140760
827,140760
838,124596
849,139640
860,143072
871,143072
882,131356
893,143236
903,143236
915,143236
926,136900
937,136900
947,136900
958,136900
969,133732
980,133732
991,133732
1001,132148
1012,131356
1023,120500
1034,107264
1044,124160
1055,126008
1065,126008
1076,126008
1087,126008
1097,126008
1108,117656
1118,112920
1129,117672
1140,115032
1150,113712
1161,107692
1172,113336
1183,116768
1194,117080
1205,112268
1216,117020
1227,111480
1238,112796
1249,111480
1260,109376
1270,112544
1281,105984
1292,104420
1303,103040
1313,103024
1324,55584
1334,57220
1345,60432
1356,60672
1366,60812
1376,60692
1387,62252
1397,63596
1408,63728
1419,63992
1430,64652
1440,64720
1451,64016
1462,63756
1473,63860
1483,62280
1494,60432
1504,60792
1515,60900
1525,35424
1536,16408
1547,32744
1557,48552
1568,63836
1579,78592
1590,93872
1601,94928
1612,94928
1622,94928
1633,96588
1643,98628
1654,101268
1665,106384
1675,106384
1685,117204
1696,118524
1707,118524
1717,118524
1728,118524
1738,120900
1748,124332
1759,124880
1769,81700
1780,40096
1790,41156
1801,43028
1811,40388
1822,45404
1833,57812
1844,43820
1855,48308
1866,62564
1876,65996
1887,80516
1898,81044
1908,64704
1919,48820
1929,56476
1940,57004
1951,70204
1962,75748
1972,89212
1984,89212
1995,89212
2005,87216
2016,41956
2026,56476
2037,56476
2048,64660
2059,72844
2070,72844
2080,72844
2091,72844
2101,72844
2111,72844
2122,40112
2132,48292
2143,56476
2153,64660
2164,40112
2175,48300
2185,52260
2196,41172
2206,43444
2217,43664
2227,40904
2238,40944
2248,43060
2259,45172
2270,46232
2281,46232
2291,43068
2302,40400
2312,40736
2323,40896
2333,40928
2343,40652
2354,20852
